L4_DST_PORT,PROTOCOL,IN_BYTES,IN_PKTS,OUT_BYTES,OUT_PKTS,TCP_FLAGS,FLOW_DURATION_MILLISECONDS,LONGEST_FLOW_PKT,SHORTEST_FLOW_PKT,MIN_IP_PKT_LEN,MAX_IP_PKT_LEN,SRC_TO_DST_AVG_THROUGHPUT,DST_TO_SRC_AVG_THROUGHPUT,TCP_WIN_MAX_IN,TCP_WIN_MAX_OUT,SRC_TO_DST_IAT_AVG,DST_TO_SRC_IAT_AVG,Label
34571,6,44,1,0,0,2,1,44,44,0,44,352000,0,1024,0,0,0,1
8009,6,44,1,0,0,2,1,44,44,0,44,352000,0,1024,0,0,0,0
32776,6,44,1,0,0,2,1,44,44,0,44,352000,0,1024,0,0,0,0
4125,6,44,1,0,0,2,1,44,44,0,44,352000,0,1024,0,0,0,0
0,1,56,2,0,0,0,877,28,28,0,28,510,0,0,0,877,0,0
443,6,44,1,0,0,2,1,44,44,0,44,352000,0,1024,0,0,0,1
443,6,44,1,0,0,2,1,44,44,0,44,352000,0,1024,0,0,0,1
1417,6,44,1,0,0,2,1,44,44,0,44,352000,0,1024,0,0,0,0
0,1,28,1,0,0,0,1,28,28,0,28,224000,0,0,0,0,0,0
981,6,44,1,0,0,2,1,44,44,0,44,352000,0,1024,0,0,0,0
7025,6,44,1,0,0,2,1,44,44,0,44,352000,0,1024,0,0,0,0
902,6,44,1,0,0,2,1,44,44,0,44,352000,0,1024,0,0,0,0
3324,6,44,1,0,0,2,1,44,44,0,44,352000,0,1024,0,0,0,0
33005,6,40,1,0,0,20,1,40,40,0,40,320000,0,0,0,0,0,0
8291,6,44,1,0,0,2,1,44,44,0,44,352000,0,1024,0,0,0,0
22,6,84,2,44,1,22,23,44,40,40,44,28000,14666,1024,29200,23,0,0
80,6,40,1,0,0,16,1,40,40,0,40,320000,0,1024,0,0,0,0
443,6,44,1,0,0,2,1,44,44,0,44,352000,0,1024,0,0,0,1
443,6,44,1,0,0,2,1,44,44,0,44,352000,0,1024,0,0,0,1
443,6,44,1,0,0,2,1,44,44,0,44,352000,0,1024,0,0,0,1
4224,6,44,1,0,0,2,1,44,44,0,44,352000,0,1024,0,0,0,0
2200,6,44,1,0,0,2,1,44,44,0,44,352000,0,1024,0,0,0,0
58431,6,40,1,0,0,20,1,40,40,0,40,320000,0,0,0,0,0,1
1050,6,44,1,40,1,22,1,44,40,40,44,352000,320000,1024,0,0,0,0
722,6,44,1,40,1,22,1,44,40,40,44,352000,320000,1024,0,0,0,0
1122,6,44,1,0,0,2,1,44,44,0,44,352000,0,1024,0,0,0,0
64680,6,44,1,0,0,2,1,44,44,0,44,352000,0,1024,0,0,0,0
2008,6,44,1,40,1,22,1,44,40,40,44,352000,320000,1024,0,0,0,0
12345,6,44,1,0,0,2,1,44,44,0,44,352000,0,1024,0,0,0,0
1755,6,44,1,40,1,22,1,44,40,40,44,352000,320000,1024,0,0,0,0
0,1,28,1,0,0,0,1,28,28,0,28,224000,0,0,0,0,0,0
0,1,120,3,0,0,0,716,40,40,0,40,1338,0,0,0,357,0,0
541,6,44,1,0,0,2,1,44,44,0,44,352000,0,1024,0,0,0,0
0,1,120,3,0,0,0,323,40,40,0,40,2962,0,0,0,161,0,0
22,6,84,2,44,1,22,1,44,40,40,44,336000,176000,1024,29200,1,0,0
443,6,44,1,0,0,2,1,44,44,0,44,352000,0,1024,0,0,0,1
8180,6,44,1,40,1,22,1,44,40,40,44,352000,320000,1024,0,0,0,0
38292,6,44,1,0,0,2,1,44,44,0,44,352000,0,1024,0,0,0,1
443,6,44,1,0,0,2,1,44,44,0,44,352000,0,1024,0,0,0,1
15865,6,48,1,40,1,22,4,48,40,40,48,76800,64000,5840,0,0,0,0
443,6,44,1,0,0,2,1,44,44,0,44,352000,0,1024,0,0,0,1
9,6,44,1,0,0,2,1,44,44,0,44,352000,0,1024,0,0,0,0
443,6,44,1,0,0,2,1,44,44,0,44,352000,0,1024,0,0,0,1
443,6,44,1,0,0,2,1,44,44,0,44,352000,0,1024,0,0,0,1
1073,6,44,1,0,0,2,1,44,44,0,44,352000,0,1024,0,0,0,0
0,1,112,4,0,0,0,1129,28,28,0,28,792,0,0,0,376,0,0
1036,6,44,1,0,0,2,1,44,44,0,44,352000,0,1024,0,0,0,0
3851,6,44,1,0,0,2,1,44,44,0,44,352000,0,1024,0,0,0,0
3306,6,44,1,0,0,2,1,44,44,0,44,352000,0,1024,0,0,0,0
3986,6,44,1,0,0,2,1,44,44,0,44,352000,0,1024,0,0,0,0
443,6,44,1,0,0,2,1,44,44,0,44,352000,0,1024,0,0,0,1
44443,6,44,1,0,0,2,1,44,44,0,44,352000,0,1024,0,0,0,0
443,6,44,1,0,0,2,1,44,44,0,44,352000,0,1024,0,0,0,1
2103,6,44,1,0,0,2,1,44,44,0,44,352000,0,1024,0,0,0,0
443,6,44,1,0,0,2,1,44,44,0,44,352000,0,1024,0,0,0,1
1166,6,44,1,0,0,2,1,44,44,0,44,352000,0,1024,0,0,0,0
99,6,44,1,0,0,2,1,44,44,0,44,352000,0,1024,0,0,0,0
443,6,44,1,0,0,2,1,44,44,0,44,352000,0,1024,0,0,0,1
1024,6,44,1,0,0,2,1,44,44,0,44,352000,0,1024,0,0,0,0
443,6,44,1,0,0,2,1,44,44,0,44,352000,0,1024,0,0,0,1
1122,6,44,1,40,1,22,1,44,40,40,44,352000,320000,1024,0,0,0,0
555,6,44,1,0,0,2,1,44,44,0,44,352000,0,1024,0,0,0,0
443,6,44,1,0,0,2,1,44,44,0,44,352000,0,1024,0,0,0,1
443,6,44,1,0,0,2,1,44,44,0,44,352000,0,1024,0,0,0,1
443,6,44,1,0,0,2,1,44,44,0,44,352000,0,1024,0,0,0,1
1164,6,44,1,40,1,22,1,44,40,40,44,352000,320000,1024,0,0,0,0
51035,6,40,1,0,0,20,1,40,40,0,40,320000,0,0,0,0,0,0
8652,6,44,1,40,1,22,1,44,40,40,44,352000,320000,1024,0,0,0,0
52259,6,44,1,0,0,18,1,44,44,0,44,352000,0,5840,0,0,0,0
443,6,44,1,0,0,2,1,44,44,0,44,352000,0,1024,0,0,0,1
80,6,40,1,0,0,16,1,40,40,0,40,320000,0,1024,0,0,0,1
9594,6,44,1,0,0,2,1,44,44,0,44,352000,0,1024,0,0,0,0
20005,6,44,1,0,0,2,1,44,44,0,44,352000,0,1024,0,0,0,0
2393,6,44,1,0,0,2,1,44,44,0,44,352000,0,1024,0,0,0,0
113,6,44,1,0,0,2,1,44,44,0,44,352000,0,1024,0,0,0,0
443,6,44,1,0,0,2,1,44,44,0,44,352000,0,1024,0,0,0,1
2022,6,44,1,0,0,2,1,44,44,0,44,352000,0,1024,0,0,0,0
443,6,44,1,0,0,2,1,44,44,0,44,352000,0,1024,0,0,0,1
5850,6,44,1,40,1,22,1,44,40,40,44,352000,320000,1024,0,0,0,0
0,1,28,1,0,0,0,1,28,28,0,28,224000,0,0,0,0,0,0
443,6,44,1,0,0,2,1,44,44,0,44,352000,0,1024,0,0,0,1
5190,6,44,1,40,1,22,1,44,40,40,44,352000,320000,1024,0,0,0,0
13783,6,44,1,40,1,22,1,44,40,40,44,352000,320000,1024,0,0,0,0
1717,6,44,1,0,0,2,1,44,44,0,44,352000,0,1024,0,0,0,0
80,6,40,1,0,0,16,1,40,40,0,40,320000,0,1024,0,0,0,0
80,6,40,1,0,0,16,1,40,40,0,40,320000,0,1024,0,0,0,0
443,6,44,1,0,0,2,1,44,44,0,44,352000,0,1024,0,0,0,1
5815,6,44,1,0,0,2,1,44,44,0,44,352000,0,1024,0,0,0,0
5961,6,44,1,0,0,2,1,44,44,0,44,352000,0,1024,0,0,0,0
2602,6,44,1,40,1,22,22,44,40,40,44,15304,13913,1024,0,0,0,0
443,6,44,1,0,0,2,1,44,44,0,44,352000,0,1024,0,0,0,1
3945,6,44,1,0,0,2,1,44,44,0,44,352000,0,1024,0,0,0,0
50636,6,44,1,0,0,2,1,44,44,0,44,352000,0,1024,0,0,0,1
443,6,44,1,0,0,2,1,44,44,0,44,352000,0,1024,0,0,0,1
80,6,40,1,0,0,16,1,40,40,0,40,320000,0,1024,0,0,0,0
1583,6,44,1,0,0,2,1,44,44,0,44,352000,0,1024,0,0,0,0
14000,6,44,1,0,0,2,1,44,44,0,44,352000,0,1024,0,0,0,0
53,17,72,1,0,0,0,1,72,72,0,72,576000,0,0,0,0,0,0
144,6,44,1,40,1,22,1,44,40,40,44,352000,320000,1024,0,0,0,0
80,6,40,1,0,0,16,1,40,40,0,40,320000,0,1024,0,0,0,1
22,6,44,1,88,2,18,953,44,44,44,44,368,737,1024,29200,0,953,1
199,6,44,1,0,0,2,1,44,44,0,44,352000,0,1024,0,0,0,0
80,6,40,1,0,0,16,1,40,40,0,40,320000,0,1024,0,0,0,0
38057,17,97,1,0,0,0,1,97,97,0,97,776000,0,0,0,0,0,0
1030,6,44,1,0,0,2,1,44,44,0,44,352000,0,1024,0,0,0,0
80,6,40,1,0,0,16,1,40,40,0,40,320000,0,1024,0,0,0,0
787,6,44,1,0,0,2,1,44,44,0,44,352000,0,1024,0,0,0,0
80,6,40,1,0,0,16,1,40,40,0,40,320000,0,1024,0,0,0,0
0,1,28,1,0,0,0,1,28,28,0,28,224000,0,0,0,0,0,0
63888,6,44,1,40,1,22,83,44,40,40,44,4190,3809,5840,0,0,0,0
443,6,44,1,0,0,2,1,44,44,0,44,352000,0,1024,0,0,0,1
0,1,28,1,0,0,0,1,28,28,0,28,224000,0,0,0,0,0,0
0,1,28,1,0,0,0,1,28,28,0,28,224000,0,0,0,0,0,0
33005,6,40,1,0,0,20,1,40,40,0,40,320000,0,0,0,0,0,0
9101,6,44,1,40,1,22,1,44,40,40,44,352000,320000,1024,0,0,0,0
443,6,44,1,0,0,2,1,44,44,0,44,352000,0,1024,0,0,0,1
25734,6,44,1,0,0,2,1,44,44,0,44,352000,0,1024,0,0,0,0
19101,6,44,1,40,1,22,9,44,40,40,44,35200,32000,1024,0,0,0,0
1077,6,44,1,0,0,2,1,44,44,0,44,352000,0,1024,0,0,0,0
161,6,44,1,0,0,2,1,44,44,0,44,352000,0,1024,0,0,0,0
2525,6,44,1,0,0,2,1,44,44,0,44,352000,0,1024,0,0,0,0
40243,6,40,1,0,0,20,1,40,40,0,40,320000,0,0,0,0,0,0
80,6,40,1,0,0,16,1,40,40,0,40,320000,0,1024,0,0,0,1
443,6,44,1,0,0,2,1,44,44,0,44,352000,0,1024,0,0,0,1
9666,6,44,1,0,0,2,1,44,44,0,44,352000,0,1024,0,0,0,0
2020,6,44,1,0,0,2,1,44,44,0,44,352000,0,1024,0,0,0,0
1025,6,44,1,0,0,2,1,44,44,0,44,352000,0,1024,0,0,0,1
3889,6,44,1,40,1,22,1,44,40,40,44,352000,320000,1024,0,0,0,0
0,1,84,3,0,0,0,190,28,28,0,28,3518,0,0,0,95,0,0
80,6,40,1,0,0,16,1,40,40,0,40,320000,0,1024,0,0,0,0
80,6,40,1,0,0,16,1,40,40,0,40,320000,0,1024,0,0,0,1
443,6,44,1,0,0,2,1,44,44,0,44,352000,0,1024,0,0,0,1
82,6,44,1,40,1,22,1,44,40,40,44,352000,320000,1024,0,0,0,0
80,6,40,1,0,0,16,1,40,40,0,40,320000,0,1024,0,0,0,0
21,6,44,1,0,0,2,1,44,44,0,44,352000,0,1024,0,0,0,1
0,1,56,2,0,0,0,1397,28,28,0,28,320,0,0,0,1397,0,0
993,6,44,1,0,0,2,1,44,44,0,44,352000,0,1024,0,0,0,1
443,6,44,1,0,0,2,1,44,44,0,44,352000,0,1024,0,0,0,0
10621,6,44,1,0,0,2,1,44,44,0,44,352000,0,1024,0,0,0,0
12345,6,44,1,0,0,2,1,44,44,0,44,352000,0,1024,0,0,0,0
19,6,44,1,0,0,2,1,44,44,0,44,352000,0,1024,0,0,0,0
7402,6,44,1,40,1,22,1,44,40,40,44,352000,320000,1024,0,0,0,0
443,6,44,1,0,0,2,1,44,44,0,44,352000,0,1024,0,0,0,1
443,6,44,1,0,0,2,1,44,44,0,44,352000,0,1024,0,0,0,0
2998,6,44,1,0,0,2,1,44,44,0,44,352000,0,1024,0,0,0,0
683,6,44,1,0,0,2,1,44,44,0,44,352000,0,1024,0,0,0,0
5225,6,44,1,0,0,2,1,44,44,0,44,352000,0,1024,0,0,0,0
1166,6,44,1,0,0,2,1,44,44,0,44,352000,0,1024,0,0,0,0
57517,6,40,1,0,0,20,1,40,40,0,40,320000,0,0,0,0,0,1
443,6,44,1,0,0,2,1,44,44,0,44,352000,0,1024,0,0,0,1
443,6,44,1,0,0,2,1,44,44,0,44,352000,0,1024,0,0,0,1
51035,6,40,1,0,0,20,1,40,40,0,40,320000,0,0,0,0,0,0
5050,6,44,1,0,0,2,1,44,44,0,44,352000,0,1024,0,0,0,0
9081,6,44,1,0,0,2,1,44,44,0,44,352000,0,1024,0,0,0,0
683,6,44,1,0,0,2,1,44,44,0,44,352000,0,1024,0,0,0,0
2701,6,44,1,0,0,2,1,44,44,0,44,352000,0,1024,0,0,0,0
4125,6,44,1,40,1,22,1,44,40,40,44,352000,320000,1024,0,0,0,0
53,17,72,1,0,0,0,1,72,72,0,72,576000,0,0,0,0,0,0
55600,6,44,1,0,0,2,1,44,44,0,44,352000,0,1024,0,0,0,0
3580,6,44,1,0,0,2,1,44,44,0,44,352000,0,1024,0,0,0,0
46666,6,40,1,0,0,20,1,40,40,0,40,320000,0,0,0,0,0,0
443,6,44,1,0,0,2,1,44,44,0,44,352000,0,1024,0,0,0,1
61532,6,44,1,0,0,2,1,44,44,0,44,352000,0,1024,0,0,0,0
6101,6,44,1,0,0,2,1,44,44,0,44,352000,0,1024,0,0,0,0
8081,6,44,1,40,1,22,1,44,40,40,44,352000,320000,1024,0,0,0,0
443,6,44,1,0,0,2,1,44,44,0,44,352000,0,1024,0,0,0,0
34573,6,44,1,0,0,2,1,44,44,0,44,352000,0,1024,0,0,0,0
1090,6,44,1,0,0,2,1,44,44,0,44,352000,0,1024,0,0,0,0
2381,6,44,1,0,0,2,1,44,44,0,44,352000,0,1024,0,0,0,0
1112,6,44,1,0,0,2,1,44,44,0,44,352000,0,1024,0,0,0,0
443,6,44,1,0,0,2,1,44,44,0,44,352000,0,1024,0,0,0,1
80,6,40,1,0,0,16,1,40,40,0,40,320000,0,1024,0,0,0,1
44443,6,44,1,0,0,2,1,44,44,0,44,352000,0,1024,0,0,0,0
3766,6,44,1,40,1,22,1,44,40,40,44,352000,320000,1024,0,0,0,0
0,1,160,4,0,0,0,1178,40,40,0,40,1085,0,0,0,392,0,0
80,6,40,1,0,0,16,1,40,40,0,40,320000,0,1024,0,0,0,0
1248,6,44,1,0,0,2,1,44,44,0,44,352000,0,1024,0,0,0,0
3389,6,44,1,0,0,2,1,44,44,0,44,352000,0,1024,0,0,0,1
8080,6,44,1,0,0,2,1,44,44,0,44,352000,0,1024,0,0,0,1
1062,6,44,1,0,0,2,1,44,44,0,44,352000,0,1024,0,0,0,0
6502,6,44,1,40,1,22,1,44,40,40,44,352000,320000,1024,0,0,0,0
80,6,40,1,0,0,16,1,40,40,0,40,320000,0,1024,0,0,0,1
80,6,40,1,0,0,16,1,40,40,0,40,320000,0,1024,0,0,0,1
2522,6,44,1,40,1,22,1,44,40,40,44,352000,320000,1024,0,0,0,0
6003,6,44,1,0,0,2,1,44,44,0,44,352000,0,1024,0,0,0,0
51034,6,40,1,0,0,20,1,40,40,0,40,320000,0,0,0,0,0,0
80,6,40,1,0,0,16,1,40,40,0,40,320000,0,1024,0,0,0,1
1070,6,44,1,0,0,2,1,44,44,0,44,352000,0,1024,0,0,0,0
9898,6,44,1,0,0,2,1,44,44,0,44,352000,0,1024,0,0,0,0
873,6,44,1,40,1,22,1,44,40,40,44,352000,320000,1024,0,0,0,0
443,6,44,1,0,0,2,1,44,44,0,44,352000,0,1024,0,0,0,1
9,6,44,1,0,0,2,1,44,44,0,44,352000,0,1024,0,0,0,0
0,1,84,3,0,0,0,1848,28,28,0,28,363,0,0,0,924,0,0
143,6,44,1,0,0,2,1,44,44,0,44,352000,0,1024,0,0,0,1
6,6,44,1,0,0,2,1,44,44,0,44,352000,0,1024,0,0,0,0
80,6,40,1,0,0,16,1,40,40,0,40,320000,0,1024,0,0,0,1
0,1,28,1,0,0,0,1,28,28,0,28,224000,0,0,0,0,0,0
443,6,44,1,0,0,2,1,44,44,0,44,352000,0,1024,0,0,0,1
80,6,40,1,0,0,16,1,40,40,0,40,320000,0,1024,0,0,0,0
179,6,44,1,0,0,2,1,44,44,0,44,352000,0,1024,0,0,0,0
1086,6,44,1,0,0,2,1,44,44,0,44,352000,0,1024,0,0,0,0
0,1,80,2,0,0,0,148,40,40,0,40,4295,0,0,0,148,0,0
2191,6,44,1,40,1,22,1,44,40,40,44,352000,320000,1024,0,0,0,0
8873,6,44,1,0,0,2,1,44,44,0,44,352000,0,1024,0,0,0,0
1455,6,44,1,0,0,2,1,44,44,0,44,352000,0,1024,0,0,0,0
443,6,44,1,0,0,2,1,44,44,0,44,352000,0,1024,0,0,0,1
2222,6,44,1,40,1,22,1,44,40,40,44,352000,320000,1024,0,0,0,0
0,1,56,2,0,0,0,865,28,28,0,28,517,0,0,0,865,0,0
0,1,148,4,0,0,0,1261,40,28,0,40,938,0,0,0,419,0,0
80,6,40,1,0,0,16,1,40,40,0,40,320000,0,1024,0,0,0,0
80,6,40,1,0,0,16,1,40,40,0,40,320000,0,1024,0,0,0,1
443,6,44,1,0,0,2,1,44,44,0,44,352000,0,1024,0,0,0,0
0,1,140,5,0,0,0,1635,28,28,0,28,684,0,0,0,408,0,0
0,1,28,1,0,0,0,1,28,28,0,28,224000,0,0,0,0,0,0
1076,6,44,1,0,0,2,1,44,44,0,44,352000,0,1024,0,0,0,0
6000,6,44,1,0,0,2,1,44,44,0,44,352000,0,1024,0,0,0,0
80,6,40,1,0,0,16,1,40,40,0,40,320000,0,1024,0,0,0,0
2809,6,44,1,0,0,2,1,44,44,0,44,352000,0,1024,0,0,0,0
1500,6,44,1,40,1,22,1,44,40,40,44,352000,320000,1024,0,0,0,0
111,6,44,1,0,0,2,1,44,44,0,44,352000,0,1024,0,0,0,0
443,6,44,1,0,0,2,1,44,44,0,44,352000,0,1024,0,0,0,1
5961,6,44,1,0,0,2,1,44,44,0,44,352000,0,1024,0,0,0,0
5900,6,44,1,0,0,2,1,44,44,0,44,352000,0,1024,0,0,0,1
80,6,40,1,0,0,16,1,40,40,0,40,320000,0,1024,0,0,0,0
113,6,44,1,0,0,2,1,44,44,0,44,352000,0,1024,0,0,0,0
1417,6,44,1,0,0,2,1,44,44,0,44,352000,0,1024,0,0,0,0
443,6,44,1,0,0,2,1,44,44,0,44,352000,0,1024,0,0,0,0
53,17,69,1,117,1,0,1,117,69,69,117,276000,468000,0,0,0,0,0
3283,6,44,1,0,0,2,1,44,44,0,44,352000,0,1024,0,0,0,0
425,6,44,1,40,1,22,1,44,40,40,44,352000,320000,1024,0,0,0,0
80,6,40,1,0,0,16,1,40,40,0,40,320000,0,1024,0,0,0,1
80,6,40,1,0,0,16,1,40,40,0,40,320000,0,1024,0,0,0,0
62078,6,44,1,0,0,2,1,44,44,0,44,352000,0,1024,0,0,0,0
0,1,112,4,0,0,0,907,28,28,0,28,986,0,0,0,302,0,0
80,6,40,1,0,0,16,1,40,40,0,40,320000,0,1024,0,0,0,0
5550,6,44,1,0,0,2,1,44,44,0,44,352000,0,1024,0,0,0,0
80,6,40,1,0,0,16,1,40,40,0,40,320000,0,1024,0,0,0,1
49163,6,44,1,40,1,22,9,44,40,40,44,35200,32000,1024,0,0,0,0
80,6,40,1,0,0,16,1,40,40,0,40,320000,0,1024,0,0,0,0
3325,6,44,1,40,1,22,1,44,40,40,44,352000,320000,1024,0,0,0,0
443,6,44,1,0,0,2,1,44,44,0,44,352000,0,1024,0,0,0,1
80,6,40,1,0,0,16,1,40,40,0,40,320000,0,1024,0,0,0,0
80,6,40,1,0,0,16,1,40,40,0,40,320000,0,1024,0,0,0,0
80,6,44,1,0,0,2,1,44,44,0,44,352000,0,1024,0,0,0,0
80,6,40,1,0,0,16,1,40,40,0,40,320000,0,1024,0,0,0,0
3389,6,44,1,40,1,22,15,44,40,40,44,22000,20000,1024,0,0,0,1
2048,6,44,1,0,0,2,1,44,44,0,44,352000,0,1024,0,0,0,0
1085,6,44,1,0,0,2,1,44,44,0,44,352000,0,1024,0,0,0,0
1521,6,44,1,0,0,2,1,44,44,0,44,352000,0,1024,0,0,0,0
3826,6,44,1,0,0,2,1,44,44,0,44,352000,0,1024,0,0,0,0
6025,6,44,1,0,0,2,1,44,44,0,44,352000,0,1024,0,0,0,0
9595,6,44,1,0,0,2,1,44,44,0,44,352000,0,1024,0,0,0,0
722,6,44,1,0,0,2,1,44,44,0,44,352000,0,1024,0,0,0,0
0,1,80,2,0,0,0,36,40,40,0,40,17297,0,0,0,36,0,0
443,6,44,1,0,0,2,1,44,44,0,44,352000,0,1024,0,0,0,1
1147,6,44,1,40,1,22,1,44,40,40,44,352000,320000,1024,0,0,0,0
0,1,68,2,0,0,0,519,40,28,0,40,1046,0,0,0,519,0,0
199,6,44,1,0,0,2,1,44,44,0,44,352000,0,1024,0,0,0,0
3986,6,44,1,0,0,2,1,44,44,0,44,352000,0,1024,0,0,0,0
443,6,44,1,0,0,2,1,44,44,0,44,352000,0,1024,0,0,0,1
53518,6,40,1,0,0,20,1,40,40,0,40,320000,0,0,0,0,0,0
1033,6,44,1,40,1,22,1,44,40,40,44,352000,320000,1024,0,0,0,0
1080,6,44,1,0,0,2,1,44,44,0,44,352000,0,1024,0,0,0,0
5190,6,44,1,0,0,2,1,44,44,0,44,352000,0,1024,0,0,0,0
9415,6,44,1,0,0,2,1,44,44,0,44,352000,0,1024,0,0,0,0
443,6,44,1,0,0,2,1,44,44,0,44,352000,0,1024,0,0,0,1
50002,6,44,1,0,0,2,1,44,44,0,44,352000,0,1024,0,0,0,0
9898,6,44,1,0,0,2,1,44,44,0,44,352000,0,1024,0,0,0,0
0,1,216,6,0,0,0,1591,40,28,0,40,1085,0,0,0,317,0,0
8254,6,44,1,40,1,22,38,44,40,40,44,9025,8205,1024,0,0,0,0
80,6,40,1,0,0,16,1,40,40,0,40,320000,0,1024,0,0,0,1
32777,6,44,1,0,0,2,1,44,44,0,44,352000,0,1024,0,0,0,0
1058,6,44,1,0,0,2,1,44,44,0,44,352000,0,1024,0,0,0,0
443,6,44,1,0,0,2,1,44,44,0,44,352000,0,1024,0,0,0,0
0,1,28,1,0,0,0,1,28,28,0,28,224000,0,0,0,0,0,0
80,6,40,1,0,0,16,1,40,40,0,40,320000,0,1024,0,0,0,0
2000,6,44,1,40,1,22,1,44,40,40,44,352000,320000,1024,0,0,0,0
49158,6,44,1,40,1,22,1,44,40,40,44,352000,320000,1024,0,0,0,0
0,1,28,1,0,0,0,1,28,28,0,28,224000,0,0,0,0,0,0
1287,6,44,1,0,0,2,1,44,44,0,44,352000,0,1024,0,0,0,0
10621,6,44,1,40,1,22,1,44,40,40,44,352000,320000,1024,0,0,0,0
53,17,72,1,108,1,0,57,108,72,72,108,9931,14896,0,0,0,0,1
32782,6,44,1,0,0,2,1,44,44,0,44,352000,0,1024,0,0,0,0
873,6,44,1,40,1,22,1,44,40,40,44,176000,160000,1024,0,0,0,0
211,6,44,1,40,1,22,1,44,40,40,44,352000,320000,1024,0,0,0,0
80,6,40,1,0,0,16,1,40,40,0,40,320000,0,1024,0,0,0,0
1000,6,44,1,40,1,22,1,44,40,40,44,176000,160000,1024,0,0,0,0
1087,6,44,1,0,0,2,1,44,44,0,44,352000,0,1024,0,0,0,0
80,6,40,1,0,0,16,1,40,40,0,40,320000,0,1024,0,0,0,0
31337,6,44,1,0,0,2,1,44,44,0,44,352000,0,1024,0,0,0,0
0,1,296,8,0,0,0,1365,40,28,0,40,1733,0,0,0,194,0,0
2010,6,44,1,0,0,2,1,44,44,0,44,352000,0,1024,0,0,0,0
45812,6,40,1,0,0,20,1,40,40,0,40,320000,0,0,0,0,0,0
19101,6,44,1,0,0,2,1,44,44,0,44,352000,0,1024,0,0,0,0
55384,6,40,1,0,0,20,1,40,40,0,40,320000,0,0,0,0,0,0
49159,6,44,1,0,0,2,1,44,44,0,44,352000,0,1024,0,0,0,0
80,6,40,1,0,0,16,1,40,40,0,40,320000,0,1024,0,0,0,0
1064,6,44,1,0,0,2,1,44,44,0,44,352000,0,1024,0,0,0,0
53,17,72,1,0,0,0,1,72,72,0,72,576000,0,0,0,0,0,0
80,6,40,1,0,0,16,1,40,40,0,40,320000,0,1024,0,0,0,0
0,1,56,2,0,0,0,22,28,28,0,28,19478,0,0,0,22,0,0
0,1,68,2,0,0,0,417,40,28,0,40,1301,0,0,0,417,0,0
30000,6,44,1,0,0,2,1,44,44,0,44,352000,0,1024,0,0,0,0
60259,17,72,1,0,0,0,1,72,72,0,72,576000,0,0,0,0,0,0
1102,6,44,1,40,1,22,1,44,40,40,44,352000,320000,1024,0,0,0,0
12174,6,44,1,0,0,2,1,44,44,0,44,352000,0,1024,0,0,0,0
40911,6,44,1,0,0,2,1,44,44,0,44,352000,0,1024,0,0,0,0
1067,6,44,1,40,1,22,8,44,40,40,44,39111,35555,1024,0,0,0,0
50800,6,44,1,0,0,2,1,44,44,0,44,352000,0,1024,0,0,0,0
1720,6,44,1,0,0,2,1,44,44,0,44,352000,0,1024,0,0,0,1
443,6,44,1,0,0,2,1,44,44,0,44,352000,0,1024,0,0,0,1
0,1,112,4,0,0,0,393,28,28,0,28,2274,0,0,0,131,0,0
0,1,296,8,0,0,0,1143,40,28,0,40,2069,0,0,0,162,0,0
60252,6,3969,6,312,6,24,1464,959,52,52,959,21673,1703,235,1024,292,292,0
1035,6,44,1,0,0,2,1,44,44,0,44,352000,0,1024,0,0,0,0
8500,6,44,1,0,0,2,1,44,44,0,44,352000,0,1024,0,0,0,0
443,6,44,1,0,0,2,1,44,44,0,44,352000,0,1024,0,0,0,1
2033,6,44,1,0,0,2,1,44,44,0,44,352000,0,1024,0,0,0,0
89,6,44,1,0,0,2,1,44,44,0,44,352000,0,1024,0,0,0,0
139,6,44,1,0,0,2,1,44,44,0,44,352000,0,1024,0,0,0,1
37,6,44,1,40,1,22,1,44,40,40,44,352000,320000,1024,0,0,0,0
80,6,40,1,0,0,16,1,40,40,0,40,320000,0,1024,0,0,0,1
443,6,44,1,0,0,2,1,44,44,0,44,352000,0,1024,0,0,0,1
2968,6,44,1,40,1,22,1,44,40,40,44,352000,320000,1024,0,0,0,0
5100,6,44,1,0,0,2,1,44,44,0,44,352000,0,1024,0,0,0,0
80,6,40,1,0,0,16,1,40,40,0,40,320000,0,1024,0,0,0,1
2500,6,44,1,0,0,2,1,44,44,0,44,352000,0,1024,0,0,0,0
4662,6,44,1,0,0,2,1,44,44,0,44,352000,0,1024,0,0,0,0
705,6,44,1,0,0,2,1,44,44,0,44,352000,0,1024,0,0,0,0
0,1,196,7,0,0,0,1329,28,28,0,28,1178,0,0,0,221,0,0
9415,6,44,1,40,1,22,1,44,40,40,44,352000,320000,1024,0,0,0,0
0,1,136,4,0,0,0,956,40,28,0,40,1136,0,0,0,318,0,0
993,6,44,1,40,1,22,1,44,40,40,44,352000,320000,1024,0,0,0,1
2034,6,44,1,0,0,2,1,44,44,0,44,352000,0,1024,0,0,0,0
80,6,40,1,0,0,16,1,40,40,0,40,320000,0,1024,0,0,0,1
8649,6,44,1,0,0,2,1,44,44,0,44,352000,0,1024,0,0,0,0
8090,6,44,1,0,0,2,1,44,44,0,44,352000,0,1024,0,0,0,0
8873,6,44,1,0,0,2,1,44,44,0,44,352000,0,1024,0,0,0,0
144,6,44,1,0,0,2,1,44,44,0,44,352000,0,1024,0,0,0,0
9290,6,44,1,0,0,2,1,44,44,0,44,352000,0,1024,0,0,0,0
0,1,224,8,0,0,0,1812,28,28,0,28,988,0,0,0,258,0,0
1840,6,44,1,40,1,22,30,44,40,40,44,11354,10322,1024,0,0,0,0
50500,6,44,1,0,0,2,1,44,44,0,44,352000,0,1024,0,0,0,0
80,6,40,1,0,0,16,1,40,40,0,40,320000,0,1024,0,0,0,1
6025,6,44,1,40,1,22,8,44,40,40,44,39111,35555,1024,0,0,0,0
0,1,28,1,0,0,0,1,28,28,0,28,224000,0,0,0,0,0,0
5440,6,44,1,0,0,2,1,44,44,0,44,352000,0,1024,0,0,0,0
443,6,44,1,0,0,2,1,44,44,0,44,352000,0,1024,0,0,0,1
53,17,72,1,0,0,0,1,72,72,0,72,576000,0,0,0,0,0,0
3052,6,44,1,0,0,2,1,44,44,0,44,352000,0,1024,0,0,0,0
8084,6,44,1,0,0,2,1,44,44,0,44,352000,0,1024,0,0,0,0
8022,6,44,1,40,1,22,1,44,40,40,44,352000,320000,1024,0,0,0,0
0,1,80,2,0,0,0,541,40,40,0,40,1180,0,0,0,541,0,0
2492,6,44,1,0,0,2,1,44,44,0,44,352000,0,1024,0,0,0,0
0,1,112,4,0,0,0,1589,28,28,0,28,563,0,0,0,529,0,0
4567,6,44,1,0,0,2,1,44,44,0,44,352000,0,1024,0,0,0,0
3546,6,44,1,0,0,2,1,44,44,0,44,352000,0,1024,0,0,0,0
2718,6,44,1,0,0,2,1,44,44,0,44,352000,0,1024,0,0,0,1
0,1,168,6,0,0,0,868,28,28,0,28,1546,0,0,0,173,0,0
1723,6,44,1,40,1,22,1,44,40,40,44,352000,320000,1024,0,0,0,0
0,1,56,2,0,0,0,780,28,28,0,28,573,0,0,0,780,0,0
45231,6,48,1,0,0,2,1,48,48,0,48,384000,0,4096,0,0,0,1
9593,6,44,1,0,0,2,1,44,44,0,44,352000,0,1024,0,0,0,0
80,6,40,1,0,0,16,1,40,40,0,40,320000,0,1024,0,0,0,0
0,1,228,6,0,0,0,1783,40,28,0,40,1022,0,0,0,356,0,0
443,6,44,1,0,0,2,1,44,44,0,44,352000,0,1024,0,0,0,1
0,1,56,2,0,0,0,119,28,28,0,28,3733,0,0,0,119,0,0
48562,6,40,1,0,0,20,1,40,40,0,40,320000,0,0,0,0,0,0
443,6,44,1,0,0,2,1,44,44,0,44,352000,0,1024,0,0,0,1
85,6,44,1,40,1,22,1,44,40,40,44,352000,320000,1024,0,0,0,0
80,6,40,1,0,0,16,1,40,40,0,40,320000,0,1024,0,0,0,1
8333,6,44,1,40,1,22,1,44,40,40,44,352000,320000,1024,0,0,0,0
53,17,59,1,134,1,0,18,134,59,59,134,24842,56421,0,0,0,0,0
1094,6,44,1,40,1,22,468,44,40,40,44,750,682,1024,0,0,0,0
5550,6,44,1,0,0,2,1,44,44,0,44,352000,0,1024,0,0,0,0
443,6,44,1,0,0,2,1,44,44,0,44,352000,0,1024,0,0,0,1
9009,6,44,1,0,0,2,1,44,44,0,44,352000,0,1024,0,0,0,0
443,6,44,1,0,0,2,1,44,44,0,44,352000,0,1024,0,0,0,1
50360,6,40,1,0,0,20,1,40,40,0,40,320000,0,0,0,0,0,0
80,6,40,1,0,0,16,1,40,40,0,40,320000,0,1024,0,0,0,1
1556,6,44,1,40,1,22,1,44,40,40,44,352000,320000,1024,0,0,0,0
80,6,40,1,0,0,16,1,40,40,0,40,320000,0,1024,0,0,0,0
80,6,40,1,0,0,16,1,40,40,0,40,320000,0,1024,0,0,0,0
700,6,44,1,40,1,22,1,44,40,40,44,352000,320000,1024,0,0,0,0
0,1,28,1,0,0,0,1,28,28,0,28,224000,0,0,0,0,0,0
9618,6,44,1,0,0,2,1,44,44,0,44,352000,0,1024,0,0,0,0
0,1,68,2,0,0,0,328,40,28,0,40,1653,0,0,0,328,0,0
2401,6,44,1,0,0,2,1,44,44,0,44,352000,0,1024,0,0,0,0
512,6,44,1,0,0,2,1,44,44,0,44,352000,0,1024,0,0,0,0
2048,6,44,1,0,0,2,1,44,44,0,44,352000,0,1024,0,0,0,0
83,6,44,1,40,1,22,1,44,40,40,44,352000,320000,1024,0,0,0,0
80,6,40,1,0,0,16,1,40,40,0,40,320000,0,1024,0,0,0,0
646,6,44,1,0,0,2,1,44,44,0,44,352000,0,1024,0,0,0,0
9009,6,44,1,0,0,2,1,44,44,0,44,352000,0,1024,0,0,0,0
80,6,40,1,0,0,16,1,40,40,0,40,320000,0,1024,0,0,0,0
2604,6,44,1,40,1,22,1,44,40,40,44,352000,320000,1024,0,0,0,0
443,6,44,1,0,0,2,1,44,44,0,44,352000,0,1024,0,0,0,0
443,6,44,1,0,0,2,1,44,44,0,44,352000,0,1024,0,0,0,1
80,6,40,1,0,0,16,1,40,40,0,40,320000,0,1024,0,0,0,0
53,17,72,1,0,0,0,1,72,72,0,72,576000,0,0,0,0,0,0
8192,6,44,1,40,1,22,1,44,40,40,44,352000,320000,1024,0,0,0,0
443,6,44,1,0,0,2,1,44,44,0,44,352000,0,1024,0,0,0,1
8007,6,44,1,40,1,22,1,44,40,40,44,352000,320000,1024,0,0,0,0
49999,6,44,1,0,0,2,1,44,44,0,44,352000,0,1024,0,0,0,0
15660,6,44,1,0,0,2,1,44,44,0,44,352000,0,1024,0,0,0,0
80,6,40,1,0,0,16,1,40,40,0,40,320000,0,1024,0,0,0,0
9595,6,44,1,0,0,2,1,44,44,0,44,352000,0,1024,0,0,0,0
443,6,44,1,0,0,2,1,44,44,0,44,352000,0,1024,0,0,0,1
646,6,44,1,0,0,2,1,44,44,0,44,352000,0,1024,0,0,0,0
443,6,44,1,0,0,2,1,44,44,0,44,352000,0,1024,0,0,0,1
4003,6,44,1,0,0,2,1,44,44,0,44,352000,0,1024,0,0,0,1
4899,6,44,1,0,0,2,1,44,44,0,44,352000,0,1024,0,0,0,0
1244,6,44,1,0,0,2,1,44,44,0,44,352000,0,1024,0,0,0,0
1501,6,44,1,0,0,2,1,44,44,0,44,352000,0,1024,0,0,0,0
1060,6,44,1,40,1,22,1,44,40,40,44,352000,320000,1024,0,0,0,0
9415,6,44,1,0,0,2,1,44,44,0,44,352000,0,1024,0,0,0,0
5002,6,44,1,0,0,2,1,44,44,0,44,352000,0,1024,0,0,0,0
53,17,72,1,72,1,0,440,72,72,72,72,1306,1306,0,0,0,0,0
50500,6,44,1,0,0,2,1,44,44,0,44,352000,0,1024,0,0,0,0
3030,6,44,1,0,0,2,1,44,44,0,44,352000,0,1024,0,0,0,0
587,6,44,1,0,0,2,1,44,44,0,44,352000,0,1024,0,0,0,1
80,6,40,1,0,0,16,1,40,40,0,40,320000,0,1024,0,0,0,0
2522,6,44,1,0,0,2,1,44,44,0,44,352000,0,1024,0,0,0,0
111,6,44,1,0,0,2,1,44,44,0,44,352000,0,1024,0,0,0,0
443,6,44,1,0,0,2,1,44,44,0,44,352000,0,1024,0,0,0,1
7001,6,44,1,0,0,2,1,44,44,0,44,352000,0,1024,0,0,0,0
587,6,44,1,0,0,2,1,44,44,0,44,352000,0,1024,0,0,0,1
3011,6,44,1,0,0,2,1,44,44,0,44,352000,0,1024,0,0,0,0
9898,6,44,1,0,0,2,1,44,44,0,44,352000,0,1024,0,0,0,0
443,6,44,1,0,0,2,1,44,44,0,44,352000,0,1024,0,0,0,0
80,6,40,1,0,0,16,1,40,40,0,40,320000,0,1024,0,0,0,0
53,17,72,1,0,0,0,1,72,72,0,72,576000,0,0,0,0,0,0
0,1,68,2,0,0,0,1660,40,28,0,40,327,0,0,0,1660,0,0
49163,6,44,1,0,0,2,1,44,44,0,44,352000,0,1024,0,0,0,0
3689,6,44,1,0,0,2,1,44,44,0,44,352000,0,1024,0,0,0,0
81,6,44,1,40,1,22,1,44,40,40,44,352000,320000,1024,0,0,0,0
55003,6,40,1,0,0,20,1,40,40,0,40,320000,0,0,0,0,0,1
1131,6,44,1,0,0,2,1,44,44,0,44,352000,0,1024,0,0,0,0
443,6,44,1,0,0,2,1,44,44,0,44,352000,0,1024,0,0,0,1
23502,6,44,1,0,0,2,1,44,44,0,44,352000,0,1024,0,0,0,0
3914,6,44,1,0,0,2,1,44,44,0,44,352000,0,1024,0,0,0,0
2045,6,44,1,0,0,2,1,44,44,0,44,352000,0,1024,0,0,0,0
53,17,72,1,0,0,0,1,72,72,0,72,576000,0,0,0,0,0,0
80,6,40,1,0,0,16,1,40,40,0,40,320000,0,1024,0,0,0,1
443,6,44,1,0,0,2,1,44,44,0,44,352000,0,1024,0,0,0,1
389,6,44,1,0,0,2,1,44,44,0,44,352000,0,1024,0,0,0,0
443,6,44,1,0,0,2,1,44,44,0,44,352000,0,1024,0,0,0,1
481,6,44,1,0,0,2,1,44,44,0,44,352000,0,1024,0,0,0,0
2222,6,44,1,0,0,2,1,44,44,0,44,352000,0,1024,0,0,0,0
53,17,72,1,0,0,0,1,72,72,0,72,576000,0,0,0,0,0,0
554,6,44,1,0,0,2,1,44,44,0,44,352000,0,1024,0,0,0,1
80,6,40,1,0,0,16,1,40,40,0,40,320000,0,1024,0,0,0,1
3011,6,44,1,0,0,2,1,44,44,0,44,352000,0,1024,0,0,0,0
0,1,28,1,0,0,0,1,28,28,0,28,224000,0,0,0,0,0,0
1034,6,44,1,40,1,22,1,44,40,40,44,352000,320000,1024,0,0,0,0
80,6,40,1,0,0,16,1,40,40,0,40,320000,0,1024,0,0,0,0
443,6,44,1,0,0,2,1,44,44,0,44,352000,0,1024,0,0,0,0
8009,6,44,1,0,0,2,1,44,44,0,44,352000,0,1024,0,0,0,0
80,6,40,1,0,0,16,1,40,40,0,40,320000,0,1024,0,0,0,0
443,6,44,1,0,0,2,1,44,44,0,44,352000,0,1024,0,0,0,1
0,1,84,3,0,0,0,284,28,28,0,28,2357,0,0,0,142,0,0
587,6,44,1,0,0,2,1,44,44,0,44,352000,0,1024,0,0,0,1
1024,6,44,1,40,1,22,1,44,40,40,44,352000,320000,1024,0,0,0,0
80,6,40,1,0,0,16,1,40,40,0,40,320000,0,1024,0,0,0,1
443,6,84,2,44,1,22,14,44,40,40,44,44800,23466,1024,64240,14,0,1
2383,6,44,1,0,0,2,1,44,44,0,44,352000,0,1024,0,0,0,0
0,1,40,1,0,0,0,1,40,40,0,40,320000,0,0,0,0,0,0
443,6,84,2,44,1,22,1,44,40,40,44,672000,352000,1024,64240,0,0,1
443,6,44,1,0,0,2,1,44,44,0,44,352000,0,1024,0,0,0,0
24444,6,44,1,0,0,2,1,44,44,0,44,352000,0,1024,0,0,0,1
16113,6,44,1,40,1,22,1,44,40,40,44,352000,320000,1024,0,0,0,0
0,1,168,6,0,0,0,1291,28,28,0,28,1040,0,0,0,258,0,0
443,6,44,1,0,0,2,1,44,44,0,44,352000,0,1024,0,0,0,1
0,1,40,1,0,0,0,1,40,40,0,40,320000,0,0,0,0,0,0
8333,6,44,1,0,0,2,1,44,44,0,44,352000,0,1024,0,0,0,0
443,6,44,1,0,0,2,1,44,44,0,44,352000,0,1024,0,0,0,0
84,6,44,1,40,1,22,1,44,40,40,44,352000,320000,1024,0,0,0,0
3878,6,44,1,0,0,2,1,44,44,0,44,352000,0,1024,0,0,0,0
5950,6,44,1,40,1,22,1,44,40,40,44,352000,320000,1024,0,0,0,0
61210,6,40,1,0,0,20,1,40,40,0,40,320000,0,0,0,0,0,0
1556,6,44,1,0,0,2,1,44,44,0,44,352000,0,1024,0,0,0,0
443,6,44,1,0,0,2,1,44,44,0,44,352000,0,1024,0,0,0,1
10009,6,44,1,0,0,2,1,44,44,0,44,352000,0,1024,0,0,0,0
443,6,44,1,0,0,2,1,44,44,0,44,352000,0,1024,0,0,0,1
80,6,40,1,0,0,16,1,40,40,0,40,320000,0,1024,0,0,0,0
6502,6,44,1,0,0,2,1,44,44,0,44,352000,0,1024,0,0,0,0
80,6,40,1,0,0,16,1,40,40,0,40,320000,0,1024,0,0,0,1
1113,6,44,1,40,1,22,1,44,40,40,44,352000,320000,1024,0,0,0,0
7625,6,44,1,0,0,2,1,44,44,0,44,352000,0,1024,0,0,0,0
1033,6,44,1,0,0,2,1,44,44,0,44,352000,0,1024,0,0,0,0
4002,6,44,1,0,0,2,1,44,44,0,44,352000,0,1024,0,0,0,0
33073,6,40,1,0,0,20,1,40,40,0,40,320000,0,0,0,0,0,0
2119,6,44,1,0,0,2,1,44,44,0,44,352000,0,1024,0,0,0,0
62630,6,40,1,0,0,20,1,40,40,0,40,320000,0,0,0,0,0,0
26214,6,44,1,40,1,22,1,44,40,40,44,352000,320000,1024,0,0,0,0
543,6,44,1,40,1,22,1,44,40,40,44,176000,160000,1024,0,0,0,0
8600,6,44,1,0,0,2,1,44,44,0,44,352000,0,1024,0,0,0,0
53,17,72,1,0,0,0,1,72,72,0,72,576000,0,0,0,0,0,0
80,6,40,1,0,0,16,1,40,40,0,40,320000,0,1024,0,0,0,1
1087,6,44,1,0,0,2,1,44,44,0,44,352000,0,1024,0,0,0,0
